{"tokens": ["craftarexamples3"], "last-modified": "1446731027", "sdk_version": "ODIR-3", "uuid": "d88dbc1119294fc8b7dff6c3624a0110", "image_template": "https://crs-beta-catchoom.s3.amazonaws.com/cache/collections/{collection_uuid}/images/{item_uuid}_{image_uuid}_thumb_120.jpe", "items": {"1fb475e7bfd54acc8e61d0b377db522b": {"url": "http://www.catchoom.com/", "trackable": false, "images": ["43e2b127809f46b7bbc4b0ee84e454d8"], "name": "Business card", "custom": null}, "c184f031acc54f0c8f069821eff0b072": {"url": "http://catchoom.com/product/craftar-augmented-reality-image-recognition/#craftar-two-ways", "trackable": false, "images": ["2754f18c86ba4b5d96622a9fb3450230"], "name": "Shopping cart", "custom": null}}, "pubkey": "-----BEGIN PUBLIC KEY-----\nMIIBIjANBgkqhkiG9w0BAQEFAAOCAQ8AMIIBCgKCAQEAxZjUCs33QUnNEzGv9ezm\nPiW5DNCdijbx3J+us1t9h7fehF9Mh/dS2J+wNHK0CAArEgZyUJPN0WsIN+nCfHAe\nOamLbeABa+7Y2p0EvW8tJFkLEi8Xvh4IixqKPQtnoqjOV/DZr6wBFXSQD7bajlPJ\nQRfKcKSmGBF5zSwTq+yWLzQNpyJWbJMhWajOjtxDI6dHDQ2Zc5+6luLmT/rwajdh\ngJpxYSXlCcShYiAFVcDWyUBPX7I6cUVHSIFWuY8IEKlWraQp6ej0XE5lb9lAwPyH\nIjLD7GWv4AHeRRKhboaPObWOvtJOQ82kL6iUdPP49Vbw/HXHLZBhkJ9xAazIt1Og\n5QIDAQAB\n-----END PUBLIC KEY-----", "app_id": "com.catchoom.test", "name": "SDK Examples - Recognition only"}